Month,NO2_median_fixed
1.0,1.183954712109004E-5
2.0,1.4177850124976396E-5
3.0,1.6841914375612346E-5
4.0,2.6981067395073756E-5
5.0,4.2682680386653074E-5
6.0,4.675573814206105E-5
7.0,4.7390802245421304E-5
8.0,3.569737585075888E-5
9.0,2.5489517864833565E-5
10.0,1.9378899344797605E-5
11.0,1.42225749337085E-5
12.0,1.1932308467077502E-5
