Month,NO2_median_fixed
1.0,19.874224353559857
2.0,24.523948003537292
3.0,32.27390351137788
4.0,57.66636009262933
5.0,93.35354377024818
6.0,106.71491671860058
7.0,118.39922591941652
8.0,64.2967889719432
9.0,37.06533882797185
10.0,28.775858302125787
11.0,22.265864941649184
12.0,20.452435680509225
