Year,SO2
2019.0,2.628727955809436E-4
2020.0,2.520423598685542E-4
2021.0,1.813850546970746E-4
2022.0,1.5532509412368912E-4
2023.0,2.0416494888134563E-4
