Month,LST_mean
1.0,35.98409266753624
2.0,34.49505892423542
3.0,30.709062289375673
4.0,24.882754517151316
5.0,16.986000859384728
6.0,13.31506876087223
7.0,12.533617892293025
8.0,16.53118298054754
9.0,22.330045319700922
10.0,29.93575657346836
11.0,34.30687613216277
12.0,35.64835351650218
