Month,NO2_median
1.0,10.573596538832602
2.0,10.737870776695212
3.0,10.94943679298785
4.0,12.046129882286747
5.0,13.796291155376796
6.0,14.174273920884705
7.0,14.17435619975638
8.0,13.043222107796728
9.0,12.104806564471643
10.0,11.434329985637993
11.0,10.760868143622979
12.0,10.529949564490703
