Month,NO2
1.0,1.9664925241393992E-5
2.0,2.5552357847641532E-5
3.0,3.297615166244323E-5
4.0,5.8551130283189614E-5
5.0,9.444754076935685E-5
6.0,1.1049547581206398E-4
7.0,1.1879621263443841E-4
8.0,6.523180887795276E-5
9.0,3.8221232794353664E-5
10.0,2.9357239687793705E-5
11.0,2.241209194460581E-5
12.0,2.094015209727498E-5
