Year,NO2_median_fixed
2019.0,19.875553629946438
2020.0,18.47694934461789
2021.0,20.174990779431457
2022.0,19.32626816065939
2023.0,18.22669234326012
