Year,NO2_median_fixed
2019.0,33.78309106972867
2020.0,30.359495416420163
2021.0,32.949349111909406
2022.0,32.88006918960825
2023.0,31.943977106917604
