Year,NO2
2019.0,3.432734243061886E-5
2020.0,3.099024880173174E-5
2021.0,3.4370768495495835E-5
2022.0,3.3462321891939846E-5
2023.0,3.217247974148938E-5
