Month,NO2_median_fixed
1.0,11.839547121090046
2.0,14.177850124976384
3.0,16.84191437561231
4.0,26.98106739507379
5.0,42.6826803866532
6.0,46.75573814206107
7.0,47.39080224542099
8.0,35.697375850758824
9.0,25.489517864833566
10.0,19.37889934479742
11.0,14.222574933708469
12.0,11.932308467077547
