Year,NO2_median,NO2_p25,NO2_p75
2019,13.81870536,10.7339325,15.713211
2020,12.9771977,10.080276,14.756335
2021,13.88412119,10.7847455,15.78759525
2022,14.118868,10.96708925,16.054525
2023,13.00657447,10.10309525,14.78973975
2024,13.51361754,10.4969505,15.36629675
2025,13.52778705,10.50795675,15.38240825
