Year,NO2_median
2019,11.636800942609739
2020,11.456554109612545
2021,11.626210194691943
2022,11.713064706281518
2023,11.470784613605714
2024,11.402427867539178
2025,11.637618165634604
