Year,SO2,SO2_p25,SO2_p75
2019,189.1318035,72.72474425,485.38625
2020,185.139848,71.18976225,475.141329
2021,109.2674205,42.01538375,280.422978
2022,117.4349035,45.15593475,301.3839355
2023,118.613601,45.60916575,304.4089348
2024,130.164361,50.050651,334.0527088
2025,50.823633,19.54264525,130.433339
2026,50.823633,19.54264525,130.433339
