Month,SO2
1.0,93.55335285311166
2.0,109.74555591144602
3.0,97.73034552014892
4.0,392.0777602704351
5.0,652.0045467603275
6.0,1348.433727662171
7.0,994.1884492299255
8.0,709.8553145632949
9.0,388.92063268134194
10.0,154.7437648668146
11.0,130.40366433321861
12.0,116.94156440767121
