Year,SO2
2018,137.49333225460887
2019,288.95832182273017
2020,277.8825232337239
2021,250.79992139951986
2022,240.61629353748003
2023,259.39047527435383
2024,247.6194541123289
2025,98.603002611855
