Month,SO2
1.0,1.0243518392988318E-4
2.0,1.1188370900177964E-4
3.0,8.127861085659993E-5
4.0,4.4359829262707325E-4
5.0,9.205555736246647E-4
6.0,0.0021353230101112844
7.0,0.0011621629422506232
8.0,6.544162914181776E-4
9.0,4.629554256633656E-4
10.0,2.0189679372138847E-4
11.0,1.6767086223301686E-4
12.0,1.314970622881206E-4
