Year,NO2_median
2019.0,11.53176067784229
2020.0,11.378473648170093
2021.0,11.564578989425732
2022.0,11.47155899040829
2023.0,11.351045480821266
