Year,NO2_median_fixed
2019.0,11.636800942609739
2020.0,11.456554109612545
2021.0,11.626210194691943
2022.0,11.713064706281518
2023.0,11.470784613605714
2024.0,11.402427867539178
