Year,NO2_median
2019.0,13.056026781242261
2020.0,12.68080069763965
2021.0,12.964648662665264
2022.0,12.957055583181065
2023.0,12.854459890918166
