Year,SO2_median_fixed
2019.0,241.98810250809558
2020.0,234.16384870511294
2021.0,205.5067403165131
2022.0,185.7902364932417
2023.0,206.92456022477137
