Month,NO2_median
1.0,1.9874224353559856E-5
2.0,2.4523948003537293E-5
3.0,3.2273903511377864E-5
4.0,5.766636009262933E-5
5.0,9.335354377024817E-5
6.0,1.0671491671860057E-4
7.0,1.1839922591941648E-4
8.0,6.429678897194317E-5
9.0,3.706533882797184E-5
10.0,2.877585830212577E-5
11.0,2.2265864941649165E-5
12.0,2.045243568050923E-5
