Year,SO2_median_fixed
2019.0,288.95832182273017
2020.0,277.8825232337239
2021.0,250.79992139951986
2022.0,240.61629353748003
2023.0,259.39047527435383
2024.0,247.6194541123289
