Year,SO2_median_fixed
2019.0,265.39554503730915
2020.0,262.2338204179223
2021.0,174.35506002336817
2022.0,167.0941096005539
2023.0,220.3107953457535
